Participant ID,Trial,Timestamp,Timbre Class,Mode,Tempo,Rhythmic Regularity,Dynamic Variation,Hue,Saturation,Value,Path,Number of Nodes,Trial Duration,Confidence,Comments
18069301,1,2023-02-27 17:49:03.340 UTC,Bowed Strings,Chromatic,Fast,Syncopated,1,106.6242065,0.595541416,0.633333325,M 398.33333333333337 84.66666666666666 C 573.6666666666666 103.99999999999999 505.6666666666666 517.3333333333333 635.0 378.00000000000006 C 601.0 519.3333333333334 232.33333333333334 465.33333333333337 25.0 482.0 C 184.77777777777777 312.4444444444444 219.88888888888889 285.5555555555556 398.33333333333337 84.66666666666666 Z,3,92197,Slightly Confident,
18069301,2,2023-02-27 17:50:35.538 UTC,Percussion,Major,Slow,Irregular,0,58.47134462,0.404458582,1,M 149.66666666666669 120.0 C 232.66666666666669 120.66666666666666 228.33333333333331 50.0 322.0 178.0 C 431.6666666666667 50.0 361.33333333333337 200.66666666666666 382.33333333333337 225.33333333333334 C 395.6666666666667 244.99999999999997 635.0 206.66666666666669 427.6666666666667 266.3333333333333 C 635.0 363.3333333333333 526.3333333333333 367.6666666666667 533.6666666666666 430.0 C 474.66666666666663 421.3333333333333 431.6666666666667 520.0 330.0 356.00000000000006 C 228.33333333333331 520.0 283.33333333333337 341.3333333333333 269.6666666666667 322.66666666666663 C 255.66666666666666 301.0 25.0 363.3333333333333 237.66666666666666 265.0 C 25.0 206.66666666666669 123.66666666666667 207.66666666666663 149.66666666666669 120.0 Z,8,169102,Slightly Unsure,
18069301,3,2023-02-27 17:53:24.641 UTC,Bowed Strings,Minor Pentatonic,Moderate,Regular,0.67,180,0.165605122,0.99000001,M 252.33333333333331 182.66666666666669 C 365.66666666666663 107.33333333333334 304.33333333333326 102.66666666666667 421.00000000000006 197.33333333333337 C 635.0 206.66666666666666 635.0 363.33333333333337 635.0 520.0 C 605.4652777777778 512.2013888888889 575.9305555555555 504.40277777777777 518.3958333333334 393.27083333333337 C 496.52777777777777 461.1388888888889 446.65972222222223 425.67361111111114 396.79166666666663 390.20833333333337 C 404.8333333333333 465.5 331.5416666666667 430.125 258.25 394.75 C 269.1666666666667 489.16666666666663 196.08333333333331 467.5833333333333 123.0 445.99999999999994 C 94.41666666666667 389.24999999999994 65.83333333333333 332.5 125.91666666666666 239.75 C 161.83333333333334 213.83333333333334 197.08333333333334 197.25 252.33333333333331 182.66666666666669 Z,8,112278,Confident,
18069301,4,2023-02-27 17:55:16.920 UTC,Percussion,Minor Pentatonic,Fast,Regular,0.67,301.529472,0.085987277,0.946666658,M 247.66666666666666 251.33333333333334 C 280.0833333333333 224.66666666666669 231.16666666666666 205.99999999999997 269.5833333333333 180.0 C 308.26388888888886 156.7222222222222 328.2777777777777 213.44444444444446 367.62499999999994 184.16666666666669 C 407.6388888888888 153.22222222222229 386.9861111111111 289.6111111111111 419.6666666666667 259.33333333333337 C 459.1388888888889 222.61111111111117 436.6111111111111 345.22222222222223 452.0833333333333 323.1666666666667 C 479.15277777777777 291.3055555555556 411.55555555555554 392.7777777777778 423.29166666666663 360.25000000000006 C 423.86111111111114 321.72222222222223 373.0972222222223 380.52777777777777 355.6666666666667 400.6666666666667 C 332.99999999999994 426.6666666666667 275.0 399.33333333333337 289.0 342.6666666666667 C 312.3333333333333 284.66666666666674 218.33333333333334 274.66666666666663 247.66666666666666 251.33333333333334 Z,8,127602,Unsure,
18069301,5,2023-02-27 17:57:24.523 UTC,Woodwind,Major,Moderate,Syncopated,0,14.9043432,0.047770679,1,M 310.33333333333326 138.00000000000003 C 430.33333333333337 141.33333333333331 445.66666666666663 236.66666666666669 443.6666666666667 292.0 C 441.6666666666667 356.0 422.33333333333337 486.66666666666674 325.6666666666667 488.6666666666667 C 221.66666666666663 491.3333333333333 183.0 366.0 180.33333333333331 273.3333333333334 C 183.66666666666666 187.33333333333334 227.00000000000003 141.33333333333331 310.33333333333326 138.00000000000003 Z,4,91392,Slightly Unsure,
18069301,6,2023-02-27 17:58:55.916 UTC,Brass,Minor,Slow,Irregular,0.33,225.8598734,1,0.313333333,M 98.33333333333333 67.33333333333334 C 140.2777777777778 68.94444444444444 148.8888888888889 63.8888888888889 183.5 60.166666666666664 C 243.58333333333334 121.47222222222221 303.6666666666667 182.77777777777777 363.75 244.08333333333331 C 411.49999999999994 216.05555555555551 425.25 206.69444444444446 471.00000000000006 170.66666666666669 C 426.3333333333333 256.66666666666663 399.00000000000006 298.00000000000006 396.3333333333333 352.66666666666663 C 298.99999999999994 358.6666666666667 258.33333333333337 360.0 214.33333333333334 375.3333333333333 C 178.33333333333334 376.6666666666667 25.0 206.66666666666666 98.33333333333333 67.33333333333334 Z,6,117087,Very Confident,
18069301,7,2023-02-27 18:00:53.003 UTC,Brass,Major,Fast,Irregular,0,231.5923591,0.742038223,0.856666684,M 117.0 184.0 C 243.0 181.33333333333334 417.66666666666663 166.0 635.0 177.33333333333331 C 634.6944444444445 212.30555555555554 634.3888888888889 247.27777777777777 569.4166666666666 218.91666666666669 C 587.2083333333333 252.12500000000003 605.0 285.33333333333337 570.7916666666666 323.87500000000006 C 624.4166666666666 335.9166666666667 626.0416666666666 353.2916666666667 627.6666666666666 370.6666666666667 C 417.66666666666663 380.6666666666667 317.6666666666667 385.3333333333333 132.33333333333334 387.99999999999994 C 129.0 319.33333333333337 121.66666666666667 259.3333333333333 117.0 184.0 Z,6,102036,Unsure,
18069301,8,2023-02-27 18:02:35.039 UTC,Percussion,Minor,Moderate,Irregular,0.33,314.1400773,0.197452247,1,M 25.0 50.0 C 188.33333333333334 160.0 233.66666666666663 180.66666666666669 430.3333333333333 333.3333333333333 C 451.41666666666663 344.1111111111111 472.5 354.88888888888886 493.5833333333333 365.66666666666663 C 538.8333333333334 347.7777777777777 584.0833333333334 329.88888888888886 629.3333333333334 311.99999999999994 C 618.1944444444445 360.99999999999994 607.0555555555555 410.0 595.9166666666666 459.0 C 608.9444444444445 479.3333333333333 621.9722222222222 499.6666666666667 635.0 520.0 C 584.4444444444445 515.0277777777778 533.8888888888889 510.05555555555554 483.3333333333333 505.0833333333333 C 434.44444444444446 470.27777777777777 385.55555555555554 435.47222222222223 336.6666666666667 400.6666666666667 C 283.8888888888889 435.47222222222223 231.11111111111111 470.2777777777778 178.33333333333334 505.08333333333337 C 127.22222222222223 510.0555555555556 76.11111111111111 515.0277777777778 25.0 520.0 C 31.583333333333332 481.8611111111111 38.166666666666664 443.72222222222223 44.75 405.5833333333333 C 90.83333333333334 373.6111111111111 136.91666666666666 341.63888888888886 183.0 309.66666666666663 C 136.91666666666666 263.30555555555554 90.83333333333334 216.94444444444443 44.75 170.58333333333331 C 38.166666666666664 130.38888888888889 31.583333333333332 90.19444444444443 25.0 50.0 Z,13,166798,Very Confident,
18069301,9,2023-02-27 18:05:21.837 UTC,Plucked Strings,Major,Moderate,Irregular,0,41.27387322,0.824840769,1,M 25.0 50.0 C 85.00000000000001 474.0 474.99999999999994 300.0 635.0 520.0 C 622.3333333333333 206.00000000000003 173.0 264.0 25.0 50.0 Z,2,87732,Slightly Confident,
18069301,10,2023-02-27 18:06:49.570 UTC,Bowed Strings,Minor,Slow,Regular,0.33,64.20376603,0.127388502,0.903333306,M 25.0 50.0 C 76.19444444444446 56.94444444444445 128.05555555555557 53.88888888888889 189.25 54.16666666666667 C 187.48611111111111 108.44444444444446 185.72222222222223 162.72222222222223 183.95833333333334 217.00000000000003 C 233.08333333333334 271.33333333333337 282.20833333333337 325.6666666666667 331.33333333333337 380.0 C 373.84722222222223 326.19444444444446 416.36111111111114 272.3888888888889 458.875 218.5833333333334 C 457.55555555555554 164.44444444444449 456.23611111111114 110.30555555555559 454.9166666666667 56.16666666666668 C 532.7222222222223 57.22222222222223 584.5277777777778 56.94444444444445 635.0 50.0 C 635.0 128.33333333333331 635.0 206.66666666666669 635.0 285.0 C 562.6666666666666 388.0 530.3333333333334 425.6666666666667 482.6666666666667 518.6666666666665 C 279.1666666666667 520.0 228.33333333333334 520.0 177.5 520.0 C 126.66666666666666 441.6666666666667 75.83333333333334 363.3333333333333 25.0 285.0 C 25.0 206.66666666666669 25.0 128.33333333333331 25.0 50.0 Z,11,142768,Slightly Confident,
18069301,11,2023-02-27 18:09:12.339 UTC,Plucked Strings,Minor Pentatonic,Slow,Regular,0.67,206.3693449,0.32802546,1,M 31.0 125.33333333333334 C 26.166666666666657 72.77777777777779 43.333333333333364 50.22222222222222 94.50000000000001 59.00000000000001 C 303.9166666666667 111.38888888888889 358.66666666666663 113.7777777777778 540.0833333333333 51.50000000000001 C 570.8333333333334 50.555555555555564 601.5833333333334 71.61111111111111 604.3333333333334 112.66666666666667 C 554.3333333333334 198.0 578.3333333333334 356.66666666666674 581.6666666666666 516.0 C 431.66666666666663 520.0 228.33333333333334 520.0 86.33333333333333 513.3333333333333 C 85.0 376.6666666666667 73.66666666666666 195.99999999999997 31.0 125.33333333333334 Z,6,111126,Very Unsure,
18069301,12,2023-02-27 18:11:03.465 UTC,Woodwind,Chromatic,Slow,Syncopated,1,160.5095558,0.200636957,0.910000026,M 25.0 50.0 C 75.83333333333334 50.0 126.66666666666666 50.0 177.5 50.0 C 208.7777777777778 84.44444444444446 240.05555555555557 118.88888888888889 290.00000000000006 154.66666666666669 C 278.3888888888889 119.19444444444446 285.4444444444445 85.05555555555557 292.50000000000006 50.91666666666667 C 335.5277777777778 65.59722222222223 378.5555555555556 80.27777777777777 421.58333333333337 94.95833333333333 C 492.72222222222223 79.97222222222221 563.8611111111111 64.98611111111111 635.0 50.0 C 634.1111111111111 96.0 633.2222222222222 141.99999999999997 634.9999999999999 218.66666666666663 C 425.8888888888888 223.11111111111111 228.1111111111111 220.88888888888889 25.000000000000004 227.33333333333337 C 25.000000000000004 168.22222222222226 25.0 109.11111111111111 25.0 50.0 Z,8,111700,Unsure,
18069301,13,2023-02-27 18:12:55.166 UTC,Woodwind,Minor Pentatonic,Fast,Syncopated,0.67,53.88534665,1,1,M 558.3333333333334 98.0 C 384.6111111111111 50.11111111111111 573.5555555555557 80.8888888888889 581.1666666666667 72.33333333333334 C 555.5555555555555 52.0 595.2777777777778 51.0 635.0 50.0 C 633.1388888888889 112.0 631.2777777777777 174.0 609.4166666666666 100.66666666666666 C 616.3888888888889 200.0 605.3611111111111 239.33333333333331 590.3333333333334 127.99999999999996 C 431.66666666666663 520.0 228.33333333333334 520.0 562.3333333333333 124.00000000000004 C 25.0 363.33333333333337 25.0 206.66666666666666 558.3333333333334 98.0 Z,6,121214,Very Confident,
18069301,14,2023-02-27 18:14:56.381 UTC,Brass,Chromatic,Moderate,Syncopated,1,0,1,0.49333334,M 25.0 50.0 C 60.77777777777778 77.44444444444444 96.55555555555557 104.8888888888889 132.33333333333334 132.33333333333334 C 150.22222222222223 146.05555555555557 168.11111111111114 159.7777777777778 185.33333333333334 229.50000000000003 C 203.8888888888889 187.22222222222223 221.77777777777777 200.94444444444446 239.66666666666666 214.66666666666666 C 275.44444444444446 242.11111111111111 311.2222222222223 269.55555555555554 347.66666666666674 253.66666666666669 C 364.8888888888889 310.72222222222223 382.7777777777778 324.44444444444446 400.6666666666667 338.1666666666667 C 418.55555555555554 351.8888888888889 436.44444444444446 365.6111111111111 454.3333333333333 379.3333333333333 C 480.68055555555554 370.4722222222222 507.02777777777777 361.6111111111111 528.7083333333334 310.08333333333326 C 559.7222222222223 343.88888888888886 586.0694444444445 335.0277777777777 612.4166666666667 326.16666666666663 C 616.1805555555557 358.4722222222222 619.9444444444445 390.77777777777777 572.3750000000001 436.4166666666667 C 627.4722222222223 455.38888888888886 631.2361111111111 487.69444444444446 635.0 520.0 C 584.1666666666666 520.0 533.3333333333334 520.0 481.16666666666663 472.00000000000006 C 431.6666666666667 520.0 380.8333333333333 520.0 330.0 520.0 C 279.1666666666667 520.0 228.33333333333334 520.0 179.5 459.3333333333333 C 126.66666666666666 520.0 75.83333333333334 520.0 25.0 520.0 C 25.0 480.8333333333333 25.0 441.6666666666667 75.66666666666667 399.1666666666667 C 25.0 363.3333333333333 25.0 324.1666666666667 25.0 285.0 C 25.0 245.83333333333334 25.0 206.66666666666666 74.33333333333333 180.16666666666666 C 25.0 128.33333333333334 25.0 89.16666666666666 25.0 50.0 Z,18,181404,Confident,
18069301,15,2023-02-27 18:17:57.786 UTC,Plucked Strings,Minor,Fast,Regular,0.33,280.8917295,0.063694266,0.883333325,M 25.0 50.0 C 75.83333333333334 50.0 126.66666666666666 50.0 177.5 50.0 C 228.33333333333334 50.0 269.1666666666667 178.0 331.3333333333333 170.0 C 392.8333333333333 178.66666666666669 431.6666666666667 50.0 482.5 50.0 C 533.3333333333334 50.0 584.1666666666666 50.0 635.0 50.0 C 635.0 89.16666666666666 581.0 97.66666666666667 504.33333333333337 166.16666666666666 C 590.3333333333333 223.33333333333331 635.0 245.83333333333334 635.0 285.0 C 635.0 324.1666666666667 635.0 363.3333333333333 495.6666666666667 393.8333333333333 C 635.0 441.6666666666667 635.0 480.8333333333333 635.0 520.0 C 584.1666666666666 520.0 533.3333333333334 520.0 482.5 520.0 C 431.6666666666667 520.0 406.8333333333333 409.3333333333333 334.6666666666667 416.66666666666663 C 264.5 413.3333333333333 228.33333333333334 520.0 177.5 520.0 C 126.66666666666666 520.0 75.83333333333334 520.0 25.0 520.0 C 25.0 480.8333333333333 47.66666666666667 475.6666666666667 153.66666666666669 404.5 C 87.0 356.66666666666663 25.0 324.1666666666667 25.0 285.0 C 25.0 245.83333333333334 25.0 206.66666666666666 173.0 162.16666666666666 C 25.0 128.33333333333334 25.0 89.16666666666666 25.0 50.0 Z,16,179592,Slightly Confident,
10613092,1,2023-03-07 15:18:39.328 UTC,Bowed Strings,Chromatic,Fast,Syncopated,1,198.3441005,0.646496806,0.99000001,M 122.33333333333333 436.66666666666663 C 122.30555555555557 401.2777777777778 154.2777777777778 367.2222222222222 244.91666666666663 363.8333333333333 C 247.89583333333331 312.22222222222223 271.54166666666663 291.2777777777777 332.5208333333333 291.6666666666667 C 329.5 264.55555555555554 349.14583333333326 230.11111111111114 418.79166666666663 227.0 C 420.07638888888886 197.25 442.0277777777777 185.5 475.31249999999994 190.41666666666666 C 473.70486111111103 167.79166666666669 492.7638888888889 155.16666666666669 523.1562499999999 160.54166666666669 C 553.548611111111 158.58333333333331 570.6076388888889 176.625 577.0 362.6666666666667 C 617.0 356.0 635.0 363.33333333333337 635.0 520.0 C 431.66666666666663 520.0 228.33333333333334 520.0 25.0 520.0 C 26.333333333333343 453.3333333333334 48.99999999999999 435.33333333333337 122.33333333333333 436.66666666666663 Z,9,93955,Unsure,
10613092,2,2023-03-07 17:20:13.283 UTC,Percussion,Major,Slow,Irregular,0,310.7005403,0.308917193,0.946666658,M 25.0 356.6666666666667 C 63.944444444444436 358.1388888888889 102.88888888888889 359.6111111111111 141.83333333333331 357.75 C 143.08333333333331 382.4583333333333 144.33333333333331 407.1666666666667 145.58333333333331 431.875 C 166.93055555555554 431.20138888888886 188.27777777777774 430.52777777777777 209.62499999999997 429.85416666666663 C 214.4097222222222 404.46180555555554 219.19444444444443 379.0694444444444 217.97916666666666 357.01041666666663 C 244.48263888888889 356.6475694444444 270.9861111111111 356.2847222222222 297.4895833333333 355.92187499999994 C 296.57465277777777 378.7960069444444 295.65972222222223 401.6701388888888 294.7447916666667 424.54427083333326 C 307.0095486111111 425.06467013888886 319.27430555555554 425.5850694444444 356.8723958333333 428.10546875 C 355.06032986111103 399.36566840277777 355.9149305555556 376.62586805555554 358.10286458333337 351.8860677083333 C 389.6412760416667 351.4050564236111 421.17968750000006 350.92404513888886 452.71809895833337 350.44303385416663 C 454.2095269097223 375.36919487847223 455.70095486111114 400.29535590277777 457.19238281250006 425.22151692708337 C 471.9103190104167 425.9623752170139 486.62825520833337 426.70323350694446 501.34619140625 427.444091796875 C 501.64960394965277 401.14785427517364 501.95301649305554 374.85161675347223 502.2564290364583 348.55537923177087 C 520.6581353081597 347.43503824869794 539.0598415798611 346.31469726562506 557.4615478515625 345.1943562825521 C 557.4957343207466 315.217519124349 557.5299207899305 285.24068196614587 557.5641072591146 255.26384480794275 C 583.3760715060764 254.62034098307294 609.1880357530382 253.97683715820315 635.0 253.33333333333334 C 635.0 342.22222222222223 635.0 431.11111111111114 635.0 520.0 C 431.66666666666663 520.0 228.33333333333334 520.0 25.0 520.0 C 25.66666666666666 494.66666666666674 25.0 406.66666666666663 25.0 356.6666666666667 Z,18,178207,Confident,
10613092,3,2023-03-07 17:23:11.491 UTC,Bowed Strings,Minor Pentatonic,Moderate,Regular,0.67,188.0255361,0.331210176,0.790000021,M 155.0 226.0 C 220.75 228.66666666666666 233.83333333333331 321.33333333333337 252.91666666666666 450.66666666666663 C 266.2638888888889 429.4444444444444 266.9444444444445 395.5555555555556 292.95833333333337 387.0 C 316.54861111111114 401.7777777777778 308.1388888888889 427.22222222222223 315.7291666666667 447.33333333333337 C 332.6354166666667 422.5555555555556 338.87500000000006 397.1111111111111 366.44791666666674 382.3333333333333 C 395.70659722222223 402.8333333333333 382.29861111111114 423.3333333333333 390.2239583333333 443.8333333333333 C 401.76996527777777 401.6111111111111 391.3159722222223 328.72222222222223 453.52864583333337 304.5 C 509.38498263888886 317.30555555555554 498.57465277777777 409.4444444444444 509.76432291666663 435.5833333333333 C 523.9539930555555 505.05555555555554 588.1436631944443 509.1944444444445 635.0 371.3333333333333 C 635.0 420.88888888888886 635.0 470.44444444444446 635.0 520.0 C 431.66666666666663 520.0 228.33333333333334 520.0 25.0 520.0 C 29.666666666666668 408.00000000000006 73.0 227.33333333333334 155.0 226.0 Z,11,92450,Very Unsure,
10613092,4,2023-03-07 17:24:43.941 UTC,Percussion,Minor Pentatonic,Fast,Regular,0.67,276.3057351,0.337579632,0.99000001,M 208.33333333333334 82.00000000000001 C 285.86111111111114 210.8888888888889 363.3888888888889 339.7777777777778 440.9166666666667 468.6666666666667 C 486.04166666666663 384.83333333333337 531.1666666666665 301.0 576.2916666666665 217.16666666666666 C 595.861111111111 249.66666666666666 615.4305555555555 282.16666666666663 635.0 314.66666666666663 C 635.0 383.1111111111111 635.0 451.55555555555554 635.0 520.0 C 431.66666666666663 520.0 228.33333333333334 520.0 25.0 520.0 C 86.11111111111111 374.0 147.22222222222223 228.0 208.33333333333334 82.00000000000001 Z,6,140794,Slightly Confident,
10613092,5,2023-03-07 17:27:04.736 UTC,Woodwind,Major,Moderate,Syncopated,0,36.68800174,0.67197451,0.99000001,M 25.666666666666664 318.6666666666667 C 96.19444444444446 320.2777777777778 166.72222222222223 321.8888888888889 237.25000000000003 323.50000000000006 C 235.94444444444449 365.00000000000006 234.63888888888897 406.50000000000006 233.33333333333343 448.00000000000006 C 290.2500000000001 379.4722222222223 347.16666666666674 310.94444444444446 404.0833333333334 242.41666666666666 C 424.93055555555566 267.45833333333337 445.7777777777778 292.50000000000006 466.62500000000006 317.54166666666674 C 468.68750000000006 284.22916666666674 470.75 250.9166666666667 472.8125 217.6041666666667 C 507.06597222222223 227.47569444444449 541.3194444444445 237.34722222222226 575.5729166666666 247.21875000000003 C 595.1597222222222 271.4791666666667 614.7465277777778 295.73958333333337 634.3333333333334 320.0 C 634.5277777777778 319.5833333333333 634.7222222222223 319.1666666666667 634.9166666666667 318.75 C 634.9444444444445 385.8333333333333 634.9722222222223 452.9166666666667 635.0 520.0 C 431.66666666666663 520.0 228.33333333333334 520.0 25.0 520.0 C 25.0 458.44444444444446 25.0 396.88888888888886 25.666666666666664 318.6666666666667 Z,11,128434,Very Confident,
10613092,6,2023-03-07 17:29:13.171 UTC,Brass,Minor,Slow,Irregular,0.33,0,1,0.683333337,M 27.666666666666664 176.0 C 107.44444444444443 246.80555555555557 108.55555555555556 430.27777777777777 196.99999999999997 422.4166666666667 C 264.44444444444446 428.875 258.55555555555554 149.33333333333334 331.33333333333337 143.79166666666669 C 405.44444444444446 152.54861111111114 474.8888888888889 429.9722222222223 555.0000000000002 424.0625 C 590.3333333333335 427.8576388888889 583.6666666666667 156.31944444444446 613.6666666666667 143.44791666666666 C 628.1111111111111 152.07638888888889 627.8888888888889 170.03819444444446 635.0 183.33333333333334 C 635.0 295.55555555555554 635.0 407.77777777777777 635.0 520.0 C 431.66666666666663 520.0 228.33333333333334 520.0 25.0 520.0 C 25.88888888888889 405.3333333333333 26.777777777777775 290.6666666666667 27.666666666666664 176.0 Z,8,175084,Confident,
10613092,7,2023-03-07 17:32:08.255 UTC,Brass,Major,Fast,Irregular,0,0,0.697452245,0.99000001,M 133.66666666666666 283.33333333333337 C 158.30555555555554 331.72222222222223 112.27777777777776 390.11111111111114 141.58333333333331 436.5 C 189.29166666666666 434.52777777777777 286.3333333333333 127.2222222222222 326.7083333333333 124.58333333333333 C 359.70138888888886 127.56944444444443 359.3611111111111 232.55555555555554 407.68749999999994 235.54166666666666 C 422.0451388888888 254.70138888888889 447.06944444444446 218.52777777777777 466.7604166666667 237.02083333333331 C 516.8003472222222 241.5173611111111 536.1736111111111 102.01388888888889 588.8802083333333 86.51041666666666 C 614.6979166666666 123.00694444444444 583.1822916666667 166.17013888888889 590.3333333333334 206.0 C 605.1388888888889 205.94444444444446 619.9444444444446 205.88888888888889 634.7500000000001 205.83333333333334 C 631.2777777777778 376.3333333333333 633.1388888888889 448.1666666666667 635.0 520.0 C 431.66666666666663 520.0 228.33333333333334 520.0 25.0 520.0 C 25.0 441.6666666666667 25.0 363.3333333333333 25.0 285.0 C 61.22222222222222 284.44444444444446 97.44444444444443 283.8888888888889 133.66666666666666 283.33333333333337 Z,11,165926,Unsure,
10613092,8,2023-03-07 17:34:54.182 UTC,Percussion,Minor,Moderate,Irregular,0.33,307.261545,0.85987261,0.860000014,M 25.0 293.3333333333333 C 66.22222222222223 334.13888888888886 107.44444444444443 374.94444444444446 148.66666666666666 415.75 C 151.72222222222223 369.31944444444446 154.7777777777778 322.8888888888889 157.83333333333337 276.45833333333337 C 199.5555555555556 274.88194444444446 241.27777777777783 273.30555555555554 283.00000000000006 271.72916666666663 C 284.66666666666674 318.8298611111111 286.33333333333337 365.93055555555554 288.00000000000006 413.03125 C 323.61111111111114 362.49826388888886 359.2222222222223 311.96527777777777 394.83333333333337 261.43229166666663 C 428.9722222222223 259.3880208333333 463.11111111111114 257.34375 497.25000000000006 255.29947916666669 C 496.70833333333337 235.22178819444446 496.16666666666674 215.14409722222223 495.62500000000006 195.06640625 C 516.0763888888889 216.1664496527778 536.5277777777778 237.26649305555557 556.9791666666667 258.36653645833337 C 581.8750000000001 258.0221354166667 606.7708333333334 257.67773437500006 634.3333333333334 258.00000000000006 C 634.5555555555555 345.33333333333337 634.7777777777778 432.6666666666667 635.0 520.0 C 431.66666666666663 520.0 228.33333333333334 520.0 25.0 520.0 C 25.0 444.44444444444446 25.0 368.88888888888886 25.0 293.3333333333333 Z,12,189466,Slightly Unsure,
10613092,9,2023-03-07 17:38:03.649 UTC,Plucked Strings,Major,Moderate,Irregular,0,66.4967934,0.53503183,0.943333328,M 25.0 202.66666666666669 C 168.66666666666669 200.0 208.33333333333331 328.0 204.66666666666669 425.3333333333333 C 264.72222222222223 354.75 324.7777777777778 284.16666666666663 434.83333333333337 157.58333333333331 C 479.00000000000006 119.73611111111111 458.50000000000006 75.2222222222222 507.3333333333334 77.375 C 555.0277777777779 76.09027777777776 536.0555555555555 120.80555555555556 569.75 156.85416666666663 C 591.5 156.56944444444443 613.25 156.2847222222222 635.0 156.0 C 635.0 277.3333333333333 635.0 398.6666666666667 635.0 520.0 C 431.66666666666663 520.0 228.33333333333334 520.0 25.0 520.0 C 25.0 414.22222222222223 25.0 308.44444444444446 25.0 202.66666666666669 Z,8,166193,Unsure,
10613092,10,2023-03-07 17:40:49.843 UTC,Bowed Strings,Minor,Slow,Regular,0.33,200.6369803,0.964968153,0.576666653,M 25.666666666666664 199.33333333333331 C 127.11111111111111 149.55555555555554 228.55555555555554 99.77777777777777 330.0 50.0 C 431.44444444444446 156.88888888888886 532.8888888888889 263.77777777777777 634.3333333333334 370.66666666666663 C 634.5555555555555 420.4444444444444 634.7777777777778 470.22222222222223 635.0 520.0 C 431.66666666666663 520.0 228.33333333333334 520.0 25.0 520.0 C 25.22222222222222 413.1111111111111 25.444444444444443 306.22222222222223 25.666666666666664 199.33333333333331 Z,5,149115,Very Confident,
10613092,11,2023-03-07 17:43:18.958 UTC,Plucked Strings,Minor Pentatonic,Slow,Regular,0.67,55.03181947,0.742038204,0.99000001,M 25.0 247.33333333333331 C 55.777777777777786 275.77777777777777 86.55555555555557 304.2222222222222 117.33333333333336 332.66666666666663 C 141.08333333333334 269.0833333333333 164.83333333333331 205.49999999999997 188.5833333333333 141.91666666666666 C 230.40277777777774 235.125 272.2222222222222 328.3333333333333 314.04166666666663 421.54166666666663 C 388.6006944444444 301.17013888888886 420.49305555555543 86.13194444444446 537.7187499999999 60.427083333333336 C 611.4791666666666 61.39583333333333 624.5729166666666 109.69791666666666 635.0 137.33333333333331 C 635.0 206.66666666666666 635.0 363.33333333333337 635.0 520.0 C 431.66666666666663 520.0 228.33333333333334 520.0 25.0 520.0 C 25.0 429.1111111111111 25.0 338.22222222222223 25.0 247.33333333333331 Z,8,129811,Slightly Unsure,
10613092,12,2023-03-07 17:45:28.769 UTC,Woodwind,Chromatic,Slow,Syncopated,1,38.9807934,0.426751604,0.796666682,M 25.0 348.66666666666663 C 51.77777777777777 346.88888888888886 78.55555555555556 345.1111111111111 105.33333333333333 343.3333333333333 C 107.4722222222222 327.3333333333333 109.61111111111109 311.3333333333333 111.74999999999996 295.3333333333333 C 134.68055555555554 319.66666666666663 157.61111111111111 344.0 180.54166666666669 368.3333333333333 C 179.56250000000003 362.5833333333333 178.58333333333334 356.83333333333337 178.27083333333337 341.08333333333337 C 206.3368055555556 365.9027777777778 234.40277777777783 390.72222222222223 262.46875000000006 415.5416666666667 C 297.86284722222223 417.03472222222223 333.25694444444446 418.52777777777777 368.65104166666663 420.0208333333333 C 447.1536458333333 341.0173611111111 525.65625 262.01388888888886 604.1588541666667 183.01041666666666 C 612.8836805555557 188.45138888888889 621.6085069444445 193.89236111111111 630.3333333333334 199.33333333333334 C 635.0 206.66666666666666 635.0 363.33333333333337 635.0 520.0 C 431.66666666666663 520.0 228.33333333333334 520.0 25.0 520.0 C 25.0 462.88888888888886 25.0 405.77777777777777 25.0 348.66666666666663 Z,11,107272,Confident,
10613092,13,2023-03-07 17:47:16.042 UTC,Woodwind,Minor Pentatonic,Fast,Syncopated,0.67,29.80901447,0.700636946,0.873333335,M 393.0 239.33333333333334 C 393.0 187.0 392.99999999999994 134.66666666666669 392.99999999999994 82.33333333333334 C 449.86111111111103 207.16666666666669 506.7222222222222 332.0 563.5833333333333 456.8333333333333 C 587.1666666666666 420.3333333333333 610.75 383.83333333333337 634.3333333333334 347.33333333333337 C 634.5555555555555 404.8888888888889 634.7777777777778 462.44444444444446 635.0 520.0 C 431.66666666666663 520.0 228.33333333333334 520.0 25.0 520.0 C 25.0 363.33333333333337 68.33333333333333 216.66666666666666 393.0 239.33333333333334 Z,6,87377,Unsure,
10613092,14,2023-03-07 17:48:43.420 UTC,Brass,Chromatic,Moderate,Syncopated,1,0,0.359872626,0.733333349,M 25.0 50.0 C 136.0 51.333333333333336 196.99999999999997 50.0 195.99999999999997 355.33333333333337 C 245.24999999999997 246.27777777777786 426.5 256.55555555555554 485.75 458.1666666666667 C 484.8333333333333 256.1111111111111 537.25 190.05555555555554 634.3333333333333 188.66666666666669 C 634.5555555555555 299.11111111111114 634.7777777777777 409.55555555555554 635.0 520.0 C 431.66666666666663 520.0 228.33333333333334 520.0 25.0 520.0 C 25.0 363.33333333333337 25.0 206.66666666666666 25.0 50.0 Z,6,147856,Slightly Confident,
10613092,15,2023-03-07 17:51:11.276 UTC,Plucked Strings,Minor,Fast,Regular,0.33,58.47149982,0.617834379,0.643333316,M 25.0 186.0 C 39.33333333333333 203.44444444444443 53.66666666666666 220.88888888888889 67.99999999999999 238.33333333333331 C 78.13888888888889 219.74999999999997 88.27777777777779 201.16666666666666 98.41666666666669 182.58333333333331 C 111.09722222222226 202.31944444444443 123.77777777777783 222.05555555555551 136.4583333333334 241.79166666666663 C 199.0208333333334 239.5486111111111 261.5833333333334 237.30555555555554 324.1458333333334 235.0625 C 329.2881944444445 191.82986111111111 334.43055555555566 148.59722222222223 339.57291666666674 105.36458333333334 C 359.1163194444445 90.83159722222223 378.6597222222223 76.29861111111111 398.20312500000006 61.76562500000001 C 416.3914930555556 76.44357638888889 434.57986111111114 91.12152777777777 452.7682291666667 105.79947916666666 C 472.52907986111114 121.41623263888887 492.28993055555554 137.0329861111111 512.05078125 152.64973958333331 C 520.9312065972223 138.70811631944443 529.8116319444445 124.76649305555556 538.6920572916667 110.82486979166667 C 570.7947048611112 109.88324652777779 602.8973524305555 108.94162326388889 635.0 108.0 C 635.0 245.33333333333334 635.0 382.66666666666663 635.0 520.0 C 431.66666666666663 520.0 228.33333333333334 520.0 25.0 520.0 C 25.0 408.6666666666667 25.0 297.3333333333333 25.0 186.0 Z,13,224984,Slightly Confident,
13301013,1,2023-03-09 19:54:09.187 UTC,Bowed Strings,Chromatic,Fast,Syncopated,1,218.9807799,1,0.99000001,M 120.33333333333334 329.3333333333333 C 120.33333333333327 463.55555555555554 349.66666666666663 358.44444444444446 414.99999999999994 325.3333333333333 C 373.66666666666663 282.44444444444446 117.66666666666664 168.22222222222223 120.33333333333334 329.3333333333333 Z,2,89560,Very Confident,
13301013,2,2023-03-09 19:55:38.748 UTC,Percussion,Major,Slow,Irregular,0,257.9618872,0.668789816,0.99000001,M 156.33333333333334 451.33333333333337 C 156.33333333333334 318.0 270.99999999999994 99.33333333333334 376.33333333333337 103.33333333333333 C 489.0 104.66666666666666 566.3333333333333 305.33333333333337 566.3333333333334 456.6666666666667 C 378.99999999999994 106.00000000000001 371.66666666666674 101.99999999999999 156.33333333333334 451.33333333333337 Z,3,95417,Unsure,
13301013,3,2023-03-09 19:57:14.166 UTC,Bowed Strings,Minor Pentatonic,Moderate,Regular,0.67,248.7897821,1,0.389999986,M 25.0 50.0 C 228.33333333333334 50.0 508.3333333333333 134.66666666666666 635.0 50.0 C 507.0833333333334 132.41666666666666 423.1666666666667 344.1666666666667 451.24999999999994 374.5833333333333 C 439.83333333333326 409.49999999999994 619.0833333333334 432.4166666666667 635.0 520.0 C 431.66666666666663 520.0 213.66666666666666 455.99999999999994 25.0 520.0 C 218.91666666666669 458.5 288.83333333333337 222.33333333333334 260.75 181.5 C 275.5 135.00000000000003 48.25 139.83333333333331 25.0 50.0 Z,6,152069,Very Unsure,
13301013,4,2023-03-09 19:59:46.235 UTC,Percussion,Minor Pentatonic,Fast,Regular,0.67,325.6052044,0.133757999,0.99000001,M 261.6666666666667 242.66666666666666 C 324.5 280.0 325.33333333333337 288.6666666666667 287.5 229.33333333333334 C 202.91666666666666 50.0 320.3333333333333 281.33333333333337 284.41666666666663 156.0 C 326.5 278.66666666666663 304.5833333333333 50.0 326.0 210.0 C 355.4166666666667 50.0 324.16666666666663 282.6666666666667 364.25 152.0 C 319.6666666666667 282.66666666666663 464.41666666666663 50.666666666666664 360.5 231.33333333333334 C 322.0 284.0 325.5 284.6666666666667 384.3333333333333 250.66666666666669 C 443.61111111111103 230.97222222222223 399.5555555555556 281.27777777777777 363.50000000000006 282.9166666666667 C 387.7777777777777 365.72222222222223 441.3888888888889 293.8611111111111 361.6666666666667 311.3333333333333 C 350.86111111111114 363.6111111111111 366.0555555555556 382.5555555555555 327.25000000000006 372.16666666666663 C 290.2777777777778 378.1111111111111 304.6388888888889 365.38888888888886 292.3333333333333 313.99999999999994 C 215.02777777777774 296.41666666666663 267.05555555555554 366.83333333333337 290.41666666666663 286.5833333333333 C 225.27777777777777 272.8333333333333 230.13888888888889 253.08333333333331 261.6666666666667 242.66666666666666 Z,12,192865,Slightly Unsure,
13301013,5,2023-03-09 20:02:59.100 UTC,Woodwind,Major,Moderate,Syncopated,0,107.770708,0.452229286,0.99000001,M 127.66666666666666 280.0 C 278.33333333333337 491.33333333333337 382.99999999999994 506.66666666666663 527.0 280.66666666666663 C 389.0 284.00000000000006 384.33333333333337 332.66666666666674 380.3333333333333 361.3333333333333 C 367.52777777777777 439.52777777777777 348.7222222222222 458.38888888888886 335.24999999999994 135.25000000000003 C 310.9444444444444 457.94444444444446 291.97222222222223 438.63888888888886 283.0 349.3333333333333 C 271.0 335.33333333333337 262.3333333333333 281.3333333333333 127.66666666666666 280.0 Z,5,127092,Unsure,
13301013,6,2023-03-09 20:05:06.193 UTC,Brass,Minor,Slow,Irregular,0.33,0,0.974522292,0.146666661,M 25.0 50.0 C 228.33333333333334 50.0 431.66666666666663 50.0 635.0 50.0 C 632.0277777777778 94.7222222222222 629.0555555555555 139.44444444444443 626.0833333333334 184.16666666666663 C 562.6111111111111 187.7222222222222 499.13888888888886 191.27777777777774 435.66666666666663 194.83333333333331 C 434.3333333333333 267.16666666666663 432.99999999999994 339.5 431.66666666666663 411.8333333333333 C 499.4444444444444 447.88888888888886 567.2222222222222 483.94444444444446 635.0 520.0 C 431.66666666666663 520.0 228.33333333333334 520.0 25.0 520.0 C 90.77777777777777 483.94444444444446 156.55555555555554 447.88888888888886 222.33333333333331 411.8333333333333 C 224.55555555555554 339.55555555555554 226.77777777777777 267.27777777777777 229.0 194.99999999999997 C 163.72222222222223 194.08333333333331 98.44444444444444 193.16666666666666 33.16666666666667 192.25 C 29.11111111111111 152.38888888888889 27.055555555555554 101.19444444444446 25.0 50.0 Z,10,172272,Very Unsure,
13301013,7,2023-03-09 20:07:58.466 UTC,Brass,Major,Fast,Irregular,0,12.6114649,1,0.99000001,M 472.3333333333333 397.99999999999994 C 199.0 160.66666666666666 480.3333333333333 153.33333333333331 197.00000000000006 397.99999999999994 C 484.33333333333337 149.33333333333331 469.66666666666663 398.66666666666674 197.6666666666666 156.6666666666667 C 476.99999999999994 400.66666666666663 194.33333333333334 401.3333333333333 482.3333333333334 150.66666666666669 C 193.66666666666666 399.33333333333337 196.33333333333331 156.66666666666666 472.3333333333333 397.99999999999994 Z,4,99195,Confident,
13301013,8,2023-03-09 20:09:37.662 UTC,Percussion,Minor,Moderate,Irregular,0.33,256.8152874,0.875796171,0.713333309,M 25.0 50.0 C 25.166666666666682 53.33333333333333 107.99999999999999 206.0 110.16666666666666 207.33333333333331 C 218.77777777777777 292.8888888888888 435.3888888888889 270.44444444444434 330.0 50.0 C 435.00000000000006 127.33333333333333 533.3333333333334 50.0 635.0 50.0 C 635.0 50.499999999999986 632.3333333333334 50.33333333333335 431.6666666666667 129.5 C 436.33333333333337 268.66666666666663 438.3333333333333 272.5 635.0 285.0 C 547.6666666666667 376.0 634.3333333333334 425.6666666666667 635.0 520.0 C 634.8333333333333 519.3333333333333 633.3333333333334 515.3333333333334 545.1666666666667 376.0 C 435.4444444444445 274.6666666666667 216.38888888888889 292.66666666666663 330.0 520.0 C 232.99999999999997 442.0 136.66666666666669 520.0 25.0 520.0 C 26.333333333333336 519.5 25.0 519.6666666666667 231.0 439.16666666666663 C 217.0 291.3333333333333 217.66666666666669 290.83333333333337 25.0 285.0 C 107.0 209.33333333333334 25.0 128.33333333333331 25.0 50.0 Z,12,185324,Slightly Unsure,
13301013,9,2023-03-09 20:12:42.987 UTC,Plucked Strings,Major,Moderate,Irregular,0,27.51569815,0.105095601,0.600000024,M 25.0 50.0 C 178.5 51.16666666666666 176.66666666666666 50.33333333333335 177.5 167.5 C 183.00000000000003 292.0 183.83333333333334 292.5 330.0 285.0 C 330.16666666666663 408.83333333333337 335.6666666666667 399.33333333333326 482.5 402.5 C 634.6666666666666 407.00000000000006 634.8333333333333 409.5 635.0 518.0 C 533.8611111111111 516.25 432.7222222222222 512.5 328.24999999999994 515.4166666666667 C 183.76388888888889 518.875 179.94444444444443 517.0 180.79166666666669 399.12499999999994 C 182.58333333333337 294.3611111111111 183.70833333333331 294.93055555555543 25.49999999999999 301.49999999999994 C 25.333333333333325 203.66666666666669 25.166666666666682 117.16666666666666 25.0 50.0 Z,8,88399,Unsure,
13301013,10,2023-03-09 20:14:11.387 UTC,Bowed Strings,Minor,Slow,Regular,0.33,212.1018022,0.159235673,0.99000001,M 334.0 146.66666666666666 C 431.6666666666667 206.66666666666666 533.3333333333334 363.33333333333337 529.0 470.6666666666667 C 431.66666666666663 520.0 228.33333333333334 520.0 130.33333333333334 474.6666666666667 C 126.66666666666667 363.33333333333337 228.33333333333331 206.66666666666666 334.0 146.66666666666666 Z,3,66742,Very Confident,
13301013,11,2023-03-09 20:15:18.130 UTC,Plucked Strings,Minor Pentatonic,Slow,Regular,0.67,56.17837898,0.280254733,0.839999974,M 25.0 50.0 C 47.75 100.66666666666666 70.5 151.33333333333334 93.25 202.0 C 121.33333333333333 151.33333333333334 149.41666666666666 100.66666666666666 177.5 50.0 C 167.36111111111111 100.88888888888889 157.22222222222223 151.77777777777777 147.08333333333334 202.66666666666666 C 207.56944444444449 225.66666666666666 268.0555555555556 248.66666666666663 296.54166666666674 256.3333333333333 C 294.8402777777778 230.1111111111111 261.1388888888889 188.55555555555554 227.43750000000003 147.0 C 261.625 114.66666666666666 295.8125 82.33333333333334 330.0 50.0 C 364.32638888888886 81.97222222222223 398.65277777777777 113.94444444444446 432.97916666666663 145.91666666666669 C 398.3611111111111 187.50000000000003 363.74305555555554 229.08333333333334 356.45833333333337 253.33333333333337 C 385.72222222222223 248.22222222222223 442.3194444444444 225.7777777777778 498.91666666666663 203.33333333333334 C 493.4444444444444 152.22222222222223 487.97222222222223 101.11111111111111 482.5 50.0 C 506.5833333333333 100.44444444444443 530.6666666666666 150.88888888888889 554.75 201.33333333333331 C 581.5 150.88888888888889 608.25 100.44444444444443 635.0 50.0 C 635.0 206.66666666666666 635.0 363.33333333333337 635.0 520.0 C 610.0277777777778 472.0 585.0555555555555 424.00000000000006 560.0833333333334 376.00000000000006 C 534.2222222222223 424.00000000000006 508.36111111111114 472.0 482.5 520.0 C 489.75 463.3333333333333 497.0 406.6666666666667 504.25 350.0 C 444.7638888888889 324.1111111111111 385.27777777777777 298.22222222222223 354.4583333333333 284.3333333333333 C 357.15972222222223 315.8333333333333 388.5277777777778 359.3333333333333 419.89583333333337 402.8333333333333 C 389.9305555555556 441.88888888888886 359.96527777777777 480.94444444444446 330.0 520.0 C 299.36805555555554 481.97222222222223 268.73611111111114 443.9444444444444 238.10416666666669 405.91666666666663 C 267.69444444444446 360.9444444444444 297.28472222222223 315.9722222222222 300.20833333333337 290.99999999999994 C 268.5 298.66666666666663 210.125 326.3333333333333 151.75 354.0 C 160.33333333333334 409.3333333333333 168.91666666666666 464.6666666666667 177.5 520.0 C 150.97222222222223 467.55555555555554 124.44444444444444 415.1111111111111 97.91666666666666 362.66666666666663 C 73.6111111111111 415.1111111111111 49.30555555555556 467.55555555555554 25.0 520.0 C 25.0 363.33333333333337 25.0 206.66666666666666 25.0 50.0 Z,26,365233,Very Confident,
13301013,12,2023-03-09 20:21:23.363 UTC,Woodwind,Chromatic,Slow,Syncopated,1,53.9831,0.982544,0.87,M 329.77777777777778 491.16666666666667 C 199.55555555555556 497.90000000000001 112.93333333333333 404.88888888888889 118.69999999999999 280.13333333333333 C 124.62500000000004 152.17777777777778 204.55555555555556 66.33333333333334 329.0 69.7777777777778 C 457.475 73.25 526.88888888888889 154.0 525.4444444444445 258.38888888888889 C 524.0 363.55555555555556 383.25 392.14444444444445 341.00000000000001 379.55555555555556 C 279.22222222222223 361.00000000000001 247.33333333333334 306.88888888888889 252.425 271.44444444444445 C 258.44444444444445 229.39999999999996 285.48888888888889 208.33333333333334 322.55555555555556 201.33333333333334 C 345.96666666666667 196.88888888888889 373.33333333333334 204.19999999999997 386.88888888888889 221.44444444444445 C 392.49999999999997 228.66666666666667 407.37777777777778 239.88888888888889 406.77777777777779 250.33333333333334 C 406.15555555555556 261.66666666666667 389.62499999999999 271.55555555555556 386.77777777777778 265.55555555555556 C 380.72499999999999 251.00000000000004 337.50000000000007 235.24999999999999 328.44444444444445 257.33333333333334 C 315.33333333333334 288.74999999999999 323.27777777777778 321.14444444444445 370.66666666666667 317.625 C 395.54999999999999 315.77777777777778 466.66666666666667 293.77777777777778 473.99999999999994 260.29999999999991 C 488.49999999999998 194.99999999999992 382.37499999999992 118.88888888888889 320.64444444444445 128.37499999999997 C 247.08888888888889 139.55555555555556 189.33333333333334 193.10000000000008 176.33333333333334 273.15555555555556 C 165.249999999996 342.49999999999992 221.274999999991 442.33333333333334 332.333333333334 444.03333333333334 C 365.44444444444445 444.50000000000004 385.144444444444445 488.38499999999998 329.725 491.16666666666667 Z,16,180327,Slightly Unsure,
13301013,13,2023-03-09 20:24:23.691 UTC,Woodwind,Minor Pentatonic,Fast,Syncopated,0.67,45.85969644,0.535031847,0.99000001,M 635.0 50.0 C 503.00000000000006 192.33333333333331 503.6666666666667 193.33333333333337 635.0 285.0 C 502.0 290.6666666666667 338.3333333333334 381.6666666666667 330.0 520.0 C 188.33333333333331 389.33333333333337 186.0 393.3333333333333 25.0 520.0 C 25.666666666666675 330.66666666666674 296.3333333333333 51.33333333333332 635.0 50.0 Z,4,96973,Unsure,
13301013,14,2023-03-09 20:26:00.665 UTC,Brass,Chromatic,Moderate,Syncopated,1,339.3630667,1,0.616666675,M 25.0 50.0 C 90.41666666666669 50.0 67.16666666666667 144.0 100.58333333333333 144.66666666666669 C 171.33333333333331 147.33333333333334 112.75000000000001 212.66666666666666 177.5 202.66666666666666 C 225.0 202.0 228.5 260.0 275.99999999999994 260.0 C 320.38888888888886 261.52777777777777 329.4444444444444 321.05555555555554 380.5 320.5833333333333 C 425.3333333333333 320.56944444444446 428.8333333333333 370.55555555555554 473.66666666666674 372.5416666666667 C 506.05555555555566 375.28472222222223 514.4444444444445 426.69444444444446 550.8333333333334 428.1041666666667 C 592.8888888888888 425.84722222222223 590.9444444444446 475.59027777777777 613.6666666666666 480.66666666666663 C 635.0 497.33333333333337 635.0 497.3333333333333 635.0 520.0 C 609.5833333333334 520.0 584.1666666666666 520.0 566.0833333333334 505.99999999999994 C 544.7690972222223 504.09548611111114 545.4548611111111 504.8576388888889 544.8072916666666 476.28645833333337 C 546.7986111111111 453.1597222222222 460.78993055555554 468.6996527777778 463.4479166666667 438.2395833333333 C 467.70833333333337 409.9861111111111 363.96875 421.06597222222223 365.5625 381.4791666666667 C 370.25 352.80555555555554 279.60416666666663 355.46527777777777 279.625 323.4583333333333 C 282.8888888888889 291.8333333333333 183.48611111111111 300.2083333333333 182.08333333333334 265.25 C 182.16666666666666 230.72222222222223 100.91666666666666 240.86111111111111 103.0 200.33333333333334 C 106.16666666666667 169.7777777777778 35.33333333333332 190.55555555555554 34.5 154.66666666666666 C 29.333333333333332 111.77777777777777 30.166666666666664 82.88888888888889 25.0 50.0 Z,17,184195,Slightly Confident,
13301013,15,2023-03-09 20:29:04.861 UTC,Plucked Strings,Minor,Fast,Regular,0.33,40.12732902,0.601910828,0.50333333,M 234.33333333333334 200.0 C 253.94444444444446 161.69444444444443 273.55555555555554 123.38888888888886 293.1666666666667 85.0833333333333 C 316.6666666666667 123.38888888888886 340.16666666666674 161.69444444444443 363.66666666666674 200.0 C 406.33333333333337 179.75 449.00000000000006 159.50000000000003 491.6666666666667 139.25000000000003 C 451.6666666666667 195.98611111111114 411.66666666666674 252.72222222222226 371.66666666666674 309.45833333333337 C 393.00000000000006 364.08333333333337 414.33333333333337 418.70833333333337 435.6666666666667 473.33333333333337 C 390.5555555555556 439.22222222222223 345.44444444444446 405.11111111111114 300.33333333333337 371.0 C 255.8888888888889 404.22222222222223 211.44444444444449 437.4444444444444 167.00000000000003 470.66666666666663 C 185.7777777777778 418.19444444444446 204.55555555555557 365.72222222222223 223.33333333333334 313.25000000000006 C 180.88888888888889 266.83333333333337 138.44444444444446 220.41666666666669 96.0 174.0 C 142.11111111111111 182.66666666666666 188.22222222222223 191.33333333333334 234.33333333333334 200.0 Z,10,164866,Very Unsure,
67399280,1,2023-03-16 14:55:10.234 UTC,Bowed Strings,Chromatic,Fast,Syncopated,1.0,0.0,0.0,1.0,M 25.0 50.0 C 228.33333333333334 50.0 431.66666666666663 50.0 635.0 50.0 C 635.0 206.66666666666666 635.0 363.33333333333337 635.0 520.0 C 431.66666666666663 520.0 228.33333333333334 520.0 25.0 520.0 C 25.0 363.33333333333337 25.0 206.66666666666666 25.0 50.0 Z,4,5369,Very Unsure,
67399280,2,2023-03-16 14:55:15.604 UTC,Percussion,Major,Slow,Irregular,0.0,0.0,0.0,1.0,M 25.0 50.0 C 228.33333333333334 50.0 431.66666666666663 50.0 635.0 50.0 C 635.0 206.66666666666666 635.0 363.33333333333337 635.0 520.0 C 431.66666666666663 520.0 228.33333333333334 520.0 25.0 520.0 C 25.0 363.33333333333337 25.0 206.66666666666666 25.0 50.0 Z,4,2671,Very Unsure,
67399280,3,2023-03-16 14:55:18.275 UTC,Bowed Strings,Minor Pentatonic,Moderate,Regular,0.67,0.0,0.0,1.0,M 25.0 50.0 C 228.33333333333334 50.0 431.66666666666663 50.0 635.0 50.0 C 635.0 206.66666666666666 635.0 363.33333333333337 635.0 520.0 C 431.66666666666663 520.0 228.33333333333334 520.0 25.0 520.0 C 25.0 363.33333333333337 25.0 206.66666666666666 25.0 50.0 Z,4,6386,Very Unsure,
67399280,4,2023-03-16 14:55:24.664 UTC,Percussion,Minor Pentatonic,Fast,Regular,0.67,0.0,0.0,1.0,M 25.0 50.0 C 228.33333333333334 50.0 431.66666666666663 50.0 635.0 50.0 C 635.0 206.66666666666666 635.0 363.33333333333337 635.0 520.0 C 431.66666666666663 520.0 228.33333333333334 520.0 25.0 520.0 C 25.0 363.33333333333337 25.0 206.66666666666666 25.0 50.0 Z,4,9701,Very Unsure,
67399280,5,2023-03-16 14:55:34.366 UTC,Woodwind,Major,Moderate,Syncopated,0.0,0.0,0.0,1.0,M 25.0 50.0 C 228.33333333333334 50.0 431.66666666666663 50.0 635.0 50.0 C 635.0 206.66666666666666 635.0 363.33333333333337 635.0 520.0 C 431.66666666666663 520.0 228.33333333333334 520.0 25.0 520.0 C 25.0 363.33333333333337 25.0 206.66666666666666 25.0 50.0 Z,4,7072,Very Unsure,
67399280,6,2023-03-16 14:55:41.440 UTC,Brass,Minor,Slow,Irregular,0.33,0.0,0.0,1.0,M 25.0 50.0 C 228.33333333333334 50.0 431.66666666666663 50.0 635.0 50.0 C 635.0 206.66666666666666 635.0 363.33333333333337 635.0 520.0 C 431.66666666666663 520.0 228.33333333333334 520.0 25.0 520.0 C 25.0 363.33333333333337 25.0 206.66666666666666 25.0 50.0 Z,4,14267,Very Unsure,
67399280,7,2023-03-16 14:55:55.707 UTC,Brass,Major,Fast,Irregular,0.0,45.85987290628023,0.9267515941886262,0.9066666960716248,M 436.3333333333333 110.00000000000004 C 392.3333333333333 309.99999999999994 370.33333333333337 282.0 584.9999999999999 342.66666666666674 C 322.99999999999994 371.3333333333333 278.33333333333337 413.3333333333333 161.66666666666669 465.99999999999994 C 228.33333333333334 363.33333333333337 344.9999999999999 220.66666666666666 436.3333333333333 110.00000000000004 Z,3,109723,Confident,horns/brass
67399280,8,2023-03-16 14:57:45.431 UTC,Percussion,Minor,Moderate,Irregular,0.33,0.0,0.0,1.0,M 227.66666666666666 520.0 C 346.4722222222222 461.25 465.2777777777777 402.5 432.08333333333326 519.75 C 592.5694444444443 373.125 601.0555555555555 402.5 548.875 519.2083333333334 C 618.0277777777777 461.25 626.5138888888889 490.625 635.0 520.0 C 431.66666666666663 520.0 228.33333333333334 520.0 25.0 520.0 C 33.44444444444444 461.25 41.88888888888889 402.5 101.0 519.75 C 122.11111111111111 519.7916666666666 103.22222222222221 461.8333333333333 159.66666666666669 441.2083333333333 C 222.11111111111114 461.91666666666663 206.55555555555554 519.9583333333334 227.66666666666666 520.0 Z,7,69705,Slightly Confident,tried to make piano keys
67399280,9,2023-03-16 14:58:55.136 UTC,Plucked Strings,Major,Moderate,Irregular,0.0,61.91080541689466,0.5987261033396275,0.9566666483879089,M 128.33333333333331 520.0 C 195.47222222222223 402.36111111111114 262.6111111111111 284.72222222222223 329.75 167.08333333333334 C 396.3888888888889 283.61111111111114 463.0277777777778 400.13888888888897 529.6666666666667 516.6666666666667 C 549.0555555555555 455.55555555555566 559.1111111111112 405.77777777777777 579.1666666666667 329.33333333333337 C 604.888888888889 413.5555555555556 630.6111111111111 461.11111111111114 635.0 520.0 C 431.66666666666663 520.0 228.33333333333334 520.0 25.0 520.0 C 51.97222222222222 465.25 57.611111111111114 429.8333333333333 99.91666666666666 333.75 C 110.7222222222222 407.16666666666663 121.52777777777776 451.25 128.33333333333331 520.0 Z,7,124806,Confident,reminded me of knights and kings
67399280,10,2023-03-16 15:00:59.943 UTC,Bowed Strings,Minor,Slow,Regular,0.33,0.0,0.06050956068904517,0.1666666716337204,M 628.3333333333334 519.3333333333334 C 554.0277777777778 382.44444444444446 479.72222222222223 245.55555555555554 405.4166666666667 108.66666666666667 C 481.94444444444446 89.11111111111111 558.4722222222222 69.55555555555556 635.0 50.0 C 609.6388888888889 108.77777777777777 584.2777777777777 167.55555555555554 558.9166666666666 226.33333333333331 C 381.3888888888888 167.77777777777774 203.8611111111111 109.22222222222219 26.3333333333333 50.66666666666662 C 102.19444444444443 187.55555555555551 178.05555555555554 324.44444444444446 253.91666666666666 461.3333333333333 C 177.6111111111111 480.88888888888886 101.30555555555556 500.44444444444446 25.0 520.0 C 50.138888888888886 461.22222222222223 75.27777777777779 402.44444444444446 100.41666666666667 343.6666666666667 C 276.3888888888889 402.22222222222223 452.3611111111111 460.7777777777778 628.3333333333334 519.3333333333334 Z,8,54160,Slightly Confident,
67399280,11,2023-03-16 15:01:54.104 UTC,Plucked Strings,Minor Pentatonic,Slow,Regular,0.67,178.85350958653194,0.6305732536890288,0.8266666531562805,M 287.66666666666663 292.66666666666663 C 286.27777777777777 185.05555555555554 285.5555555555555 142.77777777777777 284.83333333333326 63.166666666666664 C 450.4444444444444 65.88888888888889 542.7222222222222 57.94444444444444 635.0 50.0 C 623.1944444444445 116.66666666666667 611.3888888888889 183.33333333333331 599.5833333333334 250.0 C 591.4583333333334 294.75 595.9999999999999 337.5 597.8749999999999 397.58333333333337 C 508.24999999999994 398.1666666666667 453.29166666666663 392.0833333333333 392.3333333333333 396.0 C 368.04166666666663 393.75 366.41666666666663 389.5 338.79166666666663 392.5833333333333 C 337.16666666666663 451.16666666666663 340.875 484.4166666666667 336.5833333333333 519.0 C 204.72222222222223 518.6666666666667 122.8611111111111 519.6666666666666 25.0 520.0 C 29.055555555555554 447.6111111111111 25.11111111111111 378.5555555555556 31.833333333333336 294.16666666666663 C 119.55555555555556 301.4444444444444 179.27777777777774 298.05555555555554 287.66666666666663 292.66666666666663 Z,10,136598,Confident,
67399280,12,2023-03-16 15:04:10.702 UTC,Woodwind,Chromatic,Slow,Syncopated,1.0,224.71353968443339,0.8853503209008219,0.9766666889190674,M 142.33333333333334 126.66666666666667 C 228.33333333333334 50.0 431.66666666666663 50.0 618.3333333333334 412.00000000000006 C 420.0 173.77777777777783 409.6666666666667 119.5555555555556 344.0 134.6666666666667 C 294.33333333333337 118.44444444444449 232.66666666666669 124.88888888888893 171.00000000000003 131.33333333333337 C 37.66666666666663 310.0 78.33333333333333 406.0 25.0 520.0 C 25.0 363.33333333333337 25.0 206.66666666666666 142.33333333333334 126.66666666666667 Z,5,107606,Confident,
67399280,13,2023-03-16 15:05:58.310 UTC,Woodwind,Minor Pentatonic,Fast,Syncopated,0.67,122.67506000535377,0.6082802621515162,0.9266666769981384,M 95.66666666666666 516.6666666666666 C 105.66666666666666 507.1805555555555 115.66666666666664 497.6944444444444 125.66666666666664 488.20833333333326 C 136.66666666666663 498.38888888888886 147.66666666666663 508.5694444444444 158.66666666666663 518.75 C 167.2222222222222 489.5416666666667 175.77777777777774 460.3333333333333 184.33333333333331 431.125 C 193.2222222222222 460.5833333333333 202.11111111111106 490.0416666666667 210.99999999999994 519.5 C 219.76388888888883 490.0416666666667 228.52777777777771 460.5833333333333 237.2916666666666 431.125 C 245.05555555555551 460.5 252.8194444444444 489.875 260.5833333333333 519.25 C 269.01388888888886 508.84722222222223 277.4444444444444 498.44444444444446 285.87499999999994 488.0416666666667 C 293.9722222222222 497.47222222222223 302.0694444444444 506.9027777777778 310.16666666666663 516.3333333333334 C 321.65277777777777 497.73611111111114 333.1388888888889 479.1388888888889 344.62500000000006 460.5416666666667 C 352.61111111111114 480.27777777777777 360.5972222222223 500.0138888888889 368.58333333333337 519.75 C 385.06250000000006 491.0208333333333 401.54166666666674 462.2916666666667 418.0208333333334 433.5625 C 433.16666666666674 462.3333333333333 448.31250000000006 491.1041666666667 463.45833333333337 519.875 C 472.9652777777778 510.3125 482.47222222222223 500.75 491.9791666666667 491.1875 C 503.65277777777777 500.7916666666667 515.3263888888889 510.3958333333333 527.0 520.0 C 541.75 497.93055555555554 556.5 475.8611111111111 571.25 453.79166666666663 C 580.0 475.5555555555555 588.75 497.3194444444444 597.5 519.0833333333333 C 606.75 497.3194444444444 616.0 475.5555555555555 625.25 453.79166666666663 C 628.5 475.8611111111111 631.75 497.93055555555554 635.0 520.0 C 431.66666666666663 520.0 228.33333333333334 520.0 25.0 520.0 C 27.63888888888889 497.86111111111114 30.277777777777775 475.72222222222223 32.916666666666664 453.58333333333337 C 42.55555555555555 475.2777777777778 52.19444444444444 496.9722222222223 61.83333333333333 518.6666666666667 C 63.972222222222214 496.4166666666667 66.1111111111111 474.1666666666667 68.24999999999999 451.91666666666663 C 77.38888888888887 473.49999999999994 86.52777777777777 495.0833333333333 95.66666666666666 516.6666666666666 Z,23,132947,Confident,peppy
67399280,14,2023-03-16 15:08:11.259 UTC,Brass,Chromatic,Moderate,Syncopated,1.0,43.56698453609085,0.9649681538653142,0.949999988079071,M 25.0 50.0 C 228.33333333333334 50.0 431.66666666666663 50.0 635.0 50.0 C 635.0 206.66666666666666 635.0 363.33333333333337 635.0 520.0 C 431.66666666666663 520.0 228.33333333333334 520.0 25.0 520.0 C 25.0 363.33333333333337 25.0 206.66666666666666 25.0 50.0 Z,4,17404,Confident,
67399280,15,2023-03-16 15:08:28.663 UTC,Plucked Strings,Minor,Fast,Regular,0.33,124.9681707719456,0.9076433094751989,0.903333306312561,M 615.0 66.33333333333334 C 498.44444444444446 259.55555555555554 542.5555555555557 290.7777777777777 586.6666666666667 321.99999999999994 C 534.1111111111112 309.7222222222222 481.5555555555556 297.44444444444446 586.3333333333334 515.8333333333334 C 294.33333333333337 363.44444444444446 159.66666666666669 441.72222222222223 25.0 520.0 C 25.0 480.8333333333333 25.0 441.6666666666667 109.0 313.83333333333337 C 87.72222222222223 317.8055555555556 66.44444444444444 321.77777777777777 45.16666666666667 325.75 C 64.22222222222223 293.72222222222223 83.27777777777779 261.69444444444446 25.000000000000014 82.33333333333334 C 218.33333333333334 198.08333333333331 229.0 207.83333333333337 293.66666666666663 50.250000000000014 C 396.33333333333337 236.50000000000003 423.6666666666667 218.08333333333331 615.0 66.33333333333334 Z,8,103357,Confident,
97844639,1,2023-03-16 15:54:19.314 UTC,Bowed Strings,Chromatic,Fast,Syncopated,1.0,123.82165706496325,0.36305730643361694,0.9900000095367432,M 104.33333333333334 243.33333333333334 C 75.83333333333334 50.0 126.66666666666666 50.0 142.16666666666666 212.66666666666666 C 185.91666666666666 380.08333333333337 218.33333333333334 244.16666666666666 250.75 108.25 C 277.1666666666667 88.83333333333333 303.5833333333333 69.41666666666667 330.0 50.0 C 380.8333333333333 50.0 431.6666666666667 50.0 481.8333333333333 228.0 C 533.3333333333334 50.0 584.1666666666666 50.0 635.0 50.0 C 635.0 206.66666666666666 601.0 363.33333333333337 635.0 520.0 C 431.66666666666663 520.0 228.33333333333334 520.0 25.0 520.0 C 25.0 441.6666666666667 25.0 363.3333333333333 26.999999999999982 295.0 C 47.66666666666666 252.66666666666666 68.33333333333333 210.33333333333334 104.33333333333334 243.33333333333334 Z,9,238591,Unsure,Matching the shape is more difficult than the color
97844639,2,2023-03-16 15:58:17.908 UTC,Percussion,Major,Slow,Irregular,0.0,51.592488135121094,0.624203826449579,0.9900000095367432,M 42.33333333333333 260.6666666666667 C 50.41666666666667 50.0 75.83333333333333 50.0 90.58333333333334 249.33333333333334 C 126.66666666666667 50.0 121.41666666666667 224.0 177.5 50.0 C 210.24999999999997 300.0 228.33333333333334 50.0 252.41666666666666 249.33333333333334 C 279.1666666666667 50.0 304.5833333333333 50.0 326.0 229.33333333333331 C 347.375 205.80555555555554 333.4166666666667 134.27777777777774 368.125 90.74999999999999 C 382.1666666666667 50.555555555555536 432.875 111.69444444444443 442.25 256.8333333333333 C 454.5 63.44444444444445 588.0833333333334 61.388888888888886 583.6666666666666 261.3333333333333 C 635.0 412.66666666666663 635.0 363.33333333333337 635.0 520.0 C 431.66666666666663 520.0 228.33333333333334 520.0 25.0 520.0 C 25.0 363.33333333333337 25.0 373.33333333333337 42.33333333333333 260.6666666666667 Z,10,197534,Slightly Confident,Originally I was gonna make a bellbut thatturned too complicated to make
97844639,3,2023-03-16 16:01:35.443 UTC,Bowed Strings,Minor Pentatonic,Moderate,Regular,0.67,240.7642425242456,0.8343948968809586,0.41333332657814026,M 147.66666666666669 178.0 C 201.30555555555557 142.58333333333334 254.94444444444449 107.16666666666666 308.58333333333337 71.75 C 335.7847222222223 69.9375 362.98611111111114 68.125 382.85416666666674 278.9791666666667 C 417.3888888888889 64.5 444.5902777777778 62.6875 489.7916666666667 280.2083333333333 C 511.74305555555554 214.4236111111111 533.6944444444443 148.63888888888886 562.9791666666665 281.5208333333333 C 582.0972222222222 71.90277777777777 597.2152777777778 181.61805555555554 613.0 206.00000000000003 C 635.0 131.33333333333331 635.0 363.33333333333337 635.0 520.0 C 431.66666666666663 520.0 228.33333333333334 520.0 25.0 520.0 C 28.583333333333332 463.94444444444446 32.166666666666664 407.88888888888886 56.41666666666667 366.49999999999994 C 103.5 301.4444444444444 80.58333333333334 277.7222222222222 147.66666666666669 178.0 Z,9,153497,Very Confident,Reminds me of night time traditional festivities
97844639,4,2023-03-16 16:04:08.943 UTC,Percussion,Minor Pentatonic,Fast,Regular,0.67,0.0,1.0,0.009999999776482582,M 242.99999999999997 131.33333333333334 C 380.3333333333333 119.33333333333334 268.99999999999994 94.66666666666666 388.3333333333333 132.0 C 521.9722222222223 140.47222222222223 544.9444444444446 166.94444444444446 585.2500000000001 291.4166666666667 C 573.3888888888889 410.7222222222223 558.8611111111112 462.02777777777777 483.6666666666667 489.3333333333333 C 431.66666666666663 520.0 228.33333333333334 520.0 141.66666666666669 466.0 C 25.0 363.33333333333337 25.0 206.66666666666666 242.99999999999997 131.33333333333334 Z,5,117776,Slightly Confident,It was like an alarm clock
97844639,5,2023-03-16 16:06:06.721 UTC,Woodwind,Major,Moderate,Syncopated,0.0,91.71976159222346,0.49681530554156617,0.9733333587646484,M 197.0 311.3333333333333 C 211.72222222222223 304.29166666666663 202.44444444444443 140.58333333333331 231.83333333333331 94.2083333333333 C 271.88888888888886 51.83333333333328 291.94444444444446 284.125 317.3333333333333 281.0833333333333 C 349.38888888888886 225.16666666666666 341.4444444444444 123.91666666666666 374.8333333333333 53.333333333333336 C 413.30555555555554 73.99999999999999 390.44444444444446 169.33333333333337 439.58333333333326 71.33333333333336 C 471.48611111111103 229.33333333333334 500.05555555555554 208.0 519.2916666666667 68.0 C 519.1944444444443 206.66666666666669 593.7638888888889 218.0 585.6666666666667 59.33333333333335 C 635.0 206.66666666666666 635.0 363.33333333333337 635.0 520.0 C 431.66666666666663 520.0 228.33333333333334 520.0 25.0 520.0 C 32.166666666666664 452.55555555555554 39.333333333333336 385.11111111111114 46.5 317.6666666666667 C 71.58333333333333 316.61111111111114 84.0 52.88888888888886 121.75 113.83333333333336 C 149.5 113.44444444444444 171.91666666666666 312.38888888888886 197.0 311.3333333333333 Z,11,216579,Unsure,Sounded like being otuside on an adventure
97844639,6,2023-03-16 16:09:43.304 UTC,Brass,Minor,Slow,Irregular,0.33,44.713933673317015,0.13057326415897244,0.31333333253860474,M 125.0 422.0 C 212.75 416.69444444444446 300.5 411.38888888888886 434.91666666666663 382.0833333333333 C 445.76388888888886 394.51388888888886 456.6111111111111 406.9444444444444 498.79166666666663 390.70833333333326 C 489.97222222222223 425.8055555555555 512.4861111111111 432.2361111111111 539.0 411.3333333333333 C 551.6666666666666 452.2222222222222 553.0 419.1111111111111 610.3333333333334 399.3333333333333 C 635.0 386.88888888888886 618.3333333333334 506.44444444444446 635.0 520.0 C 431.66666666666663 520.0 228.33333333333334 520.0 25.0 520.0 C 25.0 363.33333333333337 95.66666666666667 390.0 125.0 422.0 Z,7,99303,Slightly Confident,
97844639,7,2023-03-16 16:11:22.608 UTC,Brass,Major,Fast,Irregular,0.0,0.0,0.0,1.0,M 26.333333333333318 518.6666666666667 C 69.66666666666669 520.0 634.3333333333333 518.0 633.6666666666666 519.3333333333334 C 635.0 515.3333333333333 633.6666666666666 511.33333333333337 635.0 520.0 C 431.66666666666663 520.0 228.33333333333334 520.0 25.0 520.0 C 25.0 520.0 25.0 516.6666666666666 26.333333333333318 518.6666666666667 Z,4,75443,Very Confident,Nothing there
97844639,8,2023-03-16 16:12:38.052 UTC,Percussion,Minor,Moderate,Irregular,0.33,295.79620407763167,0.2802547770700637,0.9633333086967468,M 200.33333333333334 292.66666666666663 C 245.91666666666669 280.0 291.5 267.3333333333333 343.08333333333337 292.0 C 390.1666666666667 272.0 443.25 289.33333333333337 496.3333333333333 306.6666666666667 C 526.0555555555555 323.0 591.7777777777778 318.0 585.5000000000001 355.6666666666667 C 573.1944444444446 382.9166666666667 558.2222222222223 412.83333333333337 507.9166666666667 414.75 C 507.6111111111111 446.5 493.3055555555556 456.9166666666667 465.6666666666667 466.6666666666667 C 388.99999999999994 487.3333333333333 265.6666666666667 430.0 104.33333333333333 456.00000000000006 C 25.0 363.33333333333337 147.0 328.0 200.33333333333334 292.66666666666663 Z,7,253694,Very Unsure,Tried to make a cloud
97844639,9,2023-03-16 16:16:51.749 UTC,Plucked Strings,Major,Moderate,Irregular,0.0,3.598962005626103,0.00999998764293939,0.8199999928474426,M 25.0 50.0 C 37.708333333333336 50.0 50.416666666666664 50.0 52.45833333333333 484.0 C 75.83333333333333 50.0 88.54166666666667 50.0 89.25 503.33333333333337 C 126.66666666666667 50.0 152.08333333333334 50.0 140.16666666666669 449.3333333333333 C 189.16666666666666 77.95833333333333 200.83333333333334 105.91666666666667 172.5 518.5416666666667 C 224.16666666666666 161.83333333333334 235.83333333333334 189.79166666666666 220.16666666666666 513.0833333333334 C 261.25 189.79166666666666 275.0 161.83333333333334 288.75 133.875 C 302.5 105.91666666666667 316.25 77.95833333333333 324.0 520.0 C 337.1458333333333 485.7291666666667 350.2916666666667 451.4583333333333 363.4375 417.1875 C 376.5833333333333 382.9166666666667 389.7291666666667 348.6458333333333 378.875 494.375 C 416.0208333333333 280.1041666666667 429.1666666666667 245.83333333333334 428.9791666666667 516.8958333333334 C 455.4583333333333 177.29166666666666 468.6041666666667 143.02083333333334 481.75 108.75 C 494.5208333333333 103.85416666666667 507.2916666666667 98.95833333333333 488.06249999999994 516.7291666666667 C 532.8333333333334 89.16666666666667 545.6041666666666 84.27083333333333 558.375 79.375 C 571.1458333333334 74.47916666666667 583.9166666666666 69.58333333333333 554.6875 519.3541666666666 C 609.4583333333334 59.791666666666664 622.2291666666666 54.895833333333336 635.0 50.0 C 635.0 206.66666666666666 635.0 363.33333333333337 635.0 520.0 C 431.66666666666663 520.0 228.33333333333334 520.0 25.0 520.0 C 25.0 363.33333333333337 25.0 206.66666666666666 25.0 50.0 Z,18,147074,Unsure,Guitar strings
97844639,10,2023-03-16 16:19:18.825 UTC,Bowed Strings,Minor,Slow,Regular,0.33,215.5414254752119,0.5923566604149167,0.38333332538604736,M 226.33333333333334 277.3333333333333 C 312.58333333333337 314.2777777777777 278.83333333333337 297.22222222222223 333.08333333333337 254.16666666666663 C 371.37500000000006 249.55555555555551 409.6666666666667 244.94444444444443 439.95833333333337 98.99999999999999 C 472.75000000000006 256.22222222222223 497.5416666666667 272.1111111111111 522.3333333333334 288.0 C 617.0 399.3333333333333 635.0 363.33333333333337 635.0 520.0 C 431.66666666666663 520.0 228.33333333333334 520.0 25.0 520.0 C 25.0 363.33333333333337 93.0 406.66666666666663 226.33333333333334 277.3333333333333 Z,6,85386,Confident,
97844639,11,2023-03-16 16:20:44.214 UTC,Plucked Strings,Minor Pentatonic,Slow,Regular,0.67,0.0,0.009999990463256836,1.0,M 25.0 50.0 C 228.33333333333334 50.0 431.66666666666663 50.0 635.0 50.0 C 635.0 206.66666666666666 635.0 363.33333333333337 635.0 520.0 C 609.0833333333334 519.1666666666666 569.8333333333333 473.00000000000006 547.25 51.500000000000036 C 531.3333333333334 516.6666666666666 505.4166666666667 515.8333333333334 479.5 515.0 C 453.5833333333333 514.1666666666666 427.6666666666667 513.3333333333334 407.08333333333337 50.500000000000014 C 375.8333333333333 511.6666666666667 349.9166666666667 510.8333333333333 324.0 510.0 C 299.0833333333333 510.8333333333333 274.1666666666667 511.6666666666667 263.25 58.49999999999998 C 224.33333333333334 513.3333333333334 199.41666666666666 514.1666666666666 174.5 515.0 C 149.58333333333334 515.8333333333334 124.66666666666667 516.6666666666666 119.75 57.499999999999964 C 74.83333333333333 518.3333333333334 49.91666666666667 519.1666666666666 25.0 520.0 C 25.0 500.4166666666667 25.0 480.8333333333333 635.0 453.91666666666663 C 25.0 441.6666666666667 25.0 422.0833333333333 25.0 402.5 C 25.0 382.9166666666667 25.0 363.3333333333333 625.6666666666667 324.4166666666667 C 25.0 324.1666666666667 25.0 304.5833333333333 25.0 285.0 C 25.0 265.4166666666667 25.0 245.83333333333334 600.3333333333334 231.58333333333334 C 25.0 206.66666666666666 25.0 187.08333333333334 25.0 167.5 C 25.0 147.91666666666666 25.0 128.33333333333334 619.0 133.41666666666669 C 25.0 89.16666666666667 25.0 69.58333333333333 25.0 50.0 Z,18,174885,Slightly Confident,It was the same throughout
97844639,12,2023-03-16 16:23:39.101 UTC,Woodwind,Chromatic,Slow,Syncopated,1.0,57.325026736785375,0.6942675203336126,0.9900000095367432,M 317.0 232.0 C 324.9166666666667 185.63888888888889 332.8333333333333 139.27777777777777 354.75 133.58333333333334 C 370.1666666666667 132.38888888888889 420.91666666666674 143.19444444444446 429.00000000000006 211.33333333333334 C 635.0 206.66666666666666 635.0 363.33333333333337 458.3333333333333 329.3333333333333 C 502.16666666666663 431.5 464.6666666666667 435.66666666666663 433.8333333333333 459.16666666666663 C 394.66666666666663 444.3333333333333 418.16666666666663 440.16666666666663 339.66666666666663 368.66666666666663 C 37.166666666666664 449.25 49.333333333333336 378.5 61.5 307.75 C 104.08333333333334 295.125 146.66666666666666 282.5 189.25 269.875 C 231.83333333333334 257.25 274.4166666666667 244.625 317.0 232.0 Z,8,112623,Confident,It sounded like a bee
97844639,13,2023-03-16 16:25:31.726 UTC,Woodwind,Minor Pentatonic,Fast,Syncopated,0.67,48.15283759828623,0.5955413916760572,0.8899999856948853,M 25.0 50.0 C 81.93055555555554 60.55555555555555 138.8611111111111 71.1111111111111 195.79166666666663 81.66666666666666 C 218.3454861111111 86.03472222222221 240.89930555555554 90.40277777777776 304.11979166666663 82.10416666666664 C 306.00694444444446 94.80555555555554 348.5607638888889 94.84027777777776 391.11458333333337 94.87499999999999 C 395.0555555555556 116.88888888888886 558.3298611111111 90.23611111111107 562.9375 126.24999999999996 C 580.7118055555555 171.0972222222222 518.4861111111111 161.27777777777774 366.2604166666667 216.12499999999994 C 519.5347222222223 190.80555555555551 542.8090277777778 202.81944444444443 566.0833333333334 214.83333333333331 C 563.9444444444445 255.0 465.80555555555554 253.16666666666669 395.6666666666667 286.0 C 635.0 206.66666666666666 635.0 363.33333333333337 387.00000000000006 349.3333333333333 C 372.33333333333337 374.2222222222222 589.6666666666667 359.7777777777777 569.6666666666667 411.33333333333326 C 546.4722222222223 426.0555555555555 523.2777777777778 440.7777777777777 500.08333333333337 455.49999999999994 C 433.0555555555556 469.88888888888886 366.02777777777777 484.2777777777777 299.0 498.66666666666663 C 207.66666666666669 505.77777777777777 116.33333333333333 512.8888888888889 25.0 520.0 C 25.0 363.33333333333337 25.0 206.66666666666666 25.0 50.0 Z,13,111869,Slightly Unsure,It was a panflute
97844639,14,2023-03-16 16:27:23.596 UTC,Brass,Chromatic,Moderate,Syncopated,1.0,72.2293003150392,0.7802547826409768,0.23000000417232513,M 157.66666666666666 425.3333333333333 C 164.8472222222222 337.41666666666663 161.36111111111111 318.16666666666663 207.20833333333331 424.25 C 254.55555555555554 327.5 237.90277777777777 336.08333333333337 267.25 423.33333333333337 C 309.0416666666667 384.44444444444446 350.8333333333333 345.5555555555556 344.625 436.6666666666667 C 374.0208333333333 419.97222222222223 403.4166666666667 403.2777777777778 419.4791666666667 441.91666666666674 C 450.2083333333333 402.3888888888889 467.6041666666667 418.19444444444446 485.0 434.0 C 515.5 424.5833333333333 546.0 415.1666666666667 567.1666666666666 389.08333333333337 C 586.9722222222222 374.98611111111114 570.7777777777777 377.5555555555556 619.25 327.45833333333337 C 633.3888888888889 371.19444444444446 624.8611111111111 500.2638888888889 635.0 520.0 C 431.66666666666663 520.0 228.33333333333334 520.0 25.0 520.0 C 30.527777777777775 457.30555555555554 36.05555555555555 394.61111111111114 93.58333333333331 438.58333333333337 C 80.27777777777777 363.05555555555554 118.97222222222221 394.19444444444446 157.66666666666666 425.3333333333333 Z,11,157458,Confident,
97844639,15,2023-03-16 16:30:01.056 UTC,Plucked Strings,Minor,Fast,Regular,0.33,206.36942889521595,0.28980891834789896,0.9900000095367432,M 25.0 50.0 C 228.33333333333334 50.0 431.66666666666663 50.0 635.0 50.0 C 628.0694444444445 80.3888888888889 621.1388888888889 110.77777777777779 608.875 227.16666666666669 C 592.6111111111112 163.05555555555557 571.0138888888889 184.94444444444446 579.4166666666669 100.83333333333334 C 556.3750000000001 129.30555555555557 533.3333333333334 157.7777777777778 526.2916666666667 351.58333333333337 C 480.0833333333333 179.72222222222226 449.875 173.19444444444449 419.66666666666663 166.6666666666667 C 431.66666666666663 255.33333333333337 443.66666666666663 344.0 396.99999999999994 224.66666666666666 C 414.0 346.6666666666667 372.3333333333333 260.66666666666663 330.6666666666667 174.66666666666666 C 288.83333333333337 261.0833333333333 247.00000000000003 347.5 269.83333333333337 227.25000000000003 C 218.66666666666669 348.1666666666667 232.16666666666669 262.41666666666663 245.66666666666669 176.66666666666666 C 215.98611111111114 184.4861111111111 186.30555555555557 192.30555555555554 183.95833333333334 284.79166666666663 C 141.94444444444446 189.44444444444443 127.2638888888889 178.76388888888889 101.91666666666667 271.41666666666663 C 43.38888888888889 178.05555555555554 34.19444444444444 114.02777777777779 25.0 50.0 Z,12,103316,Confident,It was very high
